Name,Password,Email,Avatar
Khoi,password,khoi@gmail.com,Khoi.jpg
Truc,password,truc@gmail.com,Truc.jpg
Anh,password,anh@gmail.com,Anh.jpg
Tien,password,tien@gmail.com,Tien.jpg
Hanh,password,hanh@gmail.com,Hanh.jpg
Alton,password,alton@gmail.com,Alton.jpg
Viet,password,viet@gmail.com,Viet.jpg
Thanh,password,thanh@gmail.com,Thanh.jpg
Vinay,password,vinay@gmail.com,Vinay.jpg
Tri,password,tri@gmail.com,Tri.jpg
Lam,password,lam@gmail.com,Lam.jpg
Anthony,password,anthony@gmail.com,Anthony.jpg
